Player,Salary Rank,Salary,Player Rank,Age,Team,Position,Games,Rebounds,Assists,Steals,Blocks,Turnovers,Points
Stephen Curry,1,51915615,11,35,GSW,PG,74,4.5,5.1,0.7,0.4,2.8,26.4
Kevin Durant,2,47649433,7,35,PHO,PF,75,6.6,5.0,0.9,1.2,3.3,27.1
Joel Embiid,3,47607350,1,29,PHI,C,39,11.0,5.6,1.2,1.7,3.8,34.7
LeBron James,3,47607350,15,39,LAL,PF,71,7.3,8.3,1.3,0.5,3.5,25.7
Bradley Beal,6,46741590,63,30,PHO,SG,53,4.4,5.0,1.0,0.5,2.5,18.2
Damian Lillard,7,45640084,20,33,MIL,PG,73,4.4,7.0,1.0,0.2,2.6,24.3
Giannis Antetokounmpo,7,45640084,3,29,MIL,PF,73,11.5,6.5,1.2,1.1,3.4,30.4
Kawhi Leonard,7,45640084,25,32,LAC,SF,68,6.1,3.6,1.6,0.9,1.8,23.7
Paul George,7,45640084,31,33,LAC,PF,74,5.2,3.5,1.5,0.5,2.1,22.6
Jimmy Butler,11,45183960,44,34,MIA,PF,60,5.3,5.0,1.3,0.3,1.7,20.8
Klay Thompson,12,43219440,67,33,GSW,SF,77,3.3,2.3,0.6,0.5,1.5,17.9
Rudy Gobert,13,41000000,106,31,MIN,C,76,12.9,1.3,0.7,2.1,1.6,14.0
Fred VanVleet,14,40806300,69,29,HOU,PG,73,3.8,8.1,1.4,0.8,1.7,17.4
Anthony Davis,15,40600080,19,30,LAL,C,76,12.6,3.5,1.2,2.3,2.1,24.7
Trae Young,16,40064220,16,25,ATL,PG,54,2.8,10.8,1.3,0.2,4.4,25.7
Zach LaVine,16,40064220,56,28,CHI,SG,25,5.2,3.9,0.8,0.3,2.1,19.5
Tobias Harris,19,39270150,71,31,PHI,PF,70,6.5,3.1,1.0,0.7,1.3,17.2
Kyrie Irving,20,38037037,17,31,DAL,SG,58,5.0,5.2,1.3,0.5,1.8,25.6
Ben Simmons,21,37893408,299,27,BRK,PG,15,7.9,5.7,0.8,0.6,1.8,6.1
Pascal Siakam,21,37893408,38,29,2TM,PF,80,7.1,4.3,0.8,0.3,1.8,21.7
Jrue Holiday,23,37620347,129,33,BOS,PG,69,5.4,4.8,0.9,0.8,1.8,12.5
Devin Booker,24,36016200,6,27,PHO,PG,68,4.5,6.9,0.9,0.4,2.6,27.1
Karl-Anthony Towns,24,36016200,37,28,MIN,PF,62,8.3,3.0,0.7,0.7,2.9,21.8
CJ McCollum,27,35802469,50,32,NOP,PG,66,4.3,4.6,0.9,0.6,1.7,20.0
James Harden,28,35680595,78,34,LAC,PG,72,5.1,8.5,1.1,0.8,2.6,16.6
Darius Garland,29,34005250,64,24,CLE,PG,57,2.7,6.5,1.3,0.1,3.1,18.0
Ja Morant,29,34005250,18,24,MEM,PG,9,5.6,8.1,0.8,0.6,3.0,25.1
Zion Williamson,29,34005250,28,23,NOP,PF,70,5.8,5.0,1.1,0.7,2.8,22.9
Brandon Ingram,32,33833400,46,26,NOP,SF,64,5.1,5.7,0.8,0.6,2.5,20.8
Jamal Murray,32,33833400,40,26,DEN,PG,59,4.1,6.5,1.0,0.7,2.1,21.2
Michael Porter,34,33386850,77,25,DEN,SF,81,7.0,1.5,0.5,0.7,1.1,16.7
Shai Gilgeous-Alexander,34,33386850,4,25,OKC,PG,75,5.5,6.2,2.0,0.9,2.2,30.1
Gordon Hayward,36,33319397,187,33,OKC,SF,26,2.5,1.6,0.5,0.0,0.6,5.3
Donovan Mitchell,37,33162030,10,27,CLE,SG,55,5.1,6.1,1.8,0.5,2.8,26.6
Bam Adebayo,38,32600060,59,26,MIA,C,71,10.4,3.9,1.1,0.9,2.3,19.3
De'Aaron Fox,38,32600060,9,26,SAC,PG,74,4.6,5.6,2.0,0.4,2.6,26.6
Jayson Tatum,38,32600060,8,25,BOS,PF,74,8.1,4.9,1.0,0.6,2.5,26.9
Deandre Ayton,41,32459438,76,25,POR,C,55,11.1,1.6,1.0,0.8,1.8,16.7
Jaylen Brown,42,31830357,27,27,BOS,SF,70,5.5,3.6,1.2,0.5,2.4,23.0
Chris Paul,43,30800000,200,38,GSW,PG,58,3.9,6.8,1.2,0.1,1.3,9.2
Kyle Lowry,44,29682540,223,37,PHI,PG,23,2.8,4.6,0.9,0.3,1.4,8.0
Khris Middleton,45,29320988,97,32,MIL,SF,55,4.7,5.3,0.9,0.3,2.3,15.1
Domantas Sabonis,46,29300000,58,27,SAC,C,82,13.7,8.2,0.9,0.6,3.3,19.4
DeMar DeRozan,47,28600000,21,34,CHI,SF,79,4.3,5.3,1.1,0.6,1.7,24.0
Jordan Poole,48,27955357,68,24,WAS,SG,78,2.7,4.4,1.1,0.3,2.4,17.4
Jerami Grant,49,27586207,43,29,POR,PF,54,3.5,2.8,0.8,0.6,2.1,21.0
Jaren Jackson Jr,50,27102202,33,24,MEM,C,66,5.5,2.3,1.2,1.6,2.4,22.5
Tyler Herro,51,27000000,45,24,MIA,SG,42,5.3,4.5,0.7,0.1,2.2,20.8
Julius Randle,52,26943840,22,29,NYK,PF,46,9.2,5.0,0.5,0.3,3.5,24.0
Jalen Brunson,53,26346666,5,27,NYK,PG,77,3.6,6.7,0.9,0.2,2.4,28.7
Cameron Johnson,54,25679348,119,27,BRK,PF,58,4.3,2.4,0.8,0.3,1.0,13.4
Kyle Kuzma,55,25568182,36,28,WAS,PF,70,6.6,4.2,0.5,0.7,2.7,22.2
John Collins,56,25340000,96,26,UTA,PF,68,8.5,1.1,0.6,0.9,1.4,15.1
Brook Lopez,57,25000000,130,35,MIL,C,79,5.2,1.6,0.5,2.4,1.0,12.5
Mike Conley,58,24360000,148,36,MIN,PG,76,2.9,5.9,1.2,0.2,1.3,11.4
Andrew Wiggins,59,24330357,121,28,GSW,SF,71,4.5,1.7,0.6,0.6,1.2,13.2
Anfernee Simons,60,24107143,32,24,POR,SG,46,3.6,5.5,0.5,0.1,2.7,22.6
RJ Barrett,61,23883929,47,23,2TM,SG,58,5.4,3.3,0.5,0.4,2.2,20.2
Jordan Clarkson,62,23487629,72,31,UTA,SG,55,3.4,5.0,0.6,0.1,2.7,17.1
Terry Rozier,63,23205221,52,29,2TM,SG,61,4.0,5.6,1.0,0.3,1.7,19.8
Dillon Brooks,64,22627671,126,28,HOU,SF,72,3.4,1.7,0.9,0.1,1.2,12.7
Malcolm Brogdon,65,22500000,85,31,POR,PG,39,3.8,5.5,0.7,0.2,1.5,15.7
Draymond Green,66,22321429,210,33,GSW,PF,55,7.2,6.0,1.0,0.9,2.5,8.6
Bruce Brown,67,22000000,164,27,IND,SG,33,4.7,3.0,1.1,0.2,1.2,12.1
Mikal Bridges,68,21700000,54,27,BRK,SF,82,4.5,3.6,1.0,0.4,2.0,19.6
Aaron Gordon,69,21266182,109,28,DEN,PF,73,6.5,3.5,0.8,0.6,1.4,13.9
Myles Turner,70,20975000,73,27,IND,C,77,6.9,1.3,0.5,1.9,1.4,17.1
Clint Capela,71,20616000,147,29,ATL,C,73,10.6,1.2,0.6,1.5,1.0,11.5
Spencer Dinwiddie,73,20411797,168,30,BRK,PG,48,3.3,6.0,0.8,0.2,1.3,12.6
De'Andre Hunter,74,20089286,88,26,ATL,SF,57,3.9,1.5,0.7,0.3,1.5,15.6
Jarrett Allen,75,20000000,79,25,CLE,C,77,10.5,2.7,0.7,1.1,1.6,16.5
Keldon Johnson,75,20000000,86,24,SAS,SF,69,5.5,2.8,0.7,0.3,1.4,15.7
Joe Harris,78,19928571,478,32,DET,SG,16,0.8,0.6,0.2,0.1,0.3,2.4
Jakob Poeltl,79,19500000,153,28,TOR,C,50,8.6,2.5,0.7,1.5,1.5,11.1
Buddy Hield,80,19321859,139,31,PHI,SG,32,3.2,3.0,0.8,0.3,1.3,12.2
Derrick White,81,18857143,95,29,BOS,SG,73,4.2,5.2,1.0,1.2,1.5,15.2
Evan Fournier,81,18857143,259,31,DET,SG,29,1.9,1.6,0.9,0.2,0.7,7.2
OG Anunoby,84,18642857,99,26,2TM,SF,50,4.2,2.1,1.4,0.7,1.6,14.7
Marcus Smart,85,18583713,103,29,MEM,PG,20,2.7,4.3,2.1,0.3,3.1,14.5
Gary Trent Jr,86,18560000,115,25,TOR,SG,71,2.6,1.7,1.1,0.1,0.7,13.7
Dejounte Murray,88,18214000,34,27,ATL,SG,78,5.3,6.4,1.4,0.3,2.6,22.5
Duncan Robinson,89,18154000,125,29,MIA,SF,68,2.5,2.8,0.7,0.2,1.4,12.9
Norman Powell,90,18000000,110,30,LAC,SG,76,2.6,1.1,0.6,0.3,0.9,13.9
Tim Hardaway Jr,91,17897728,104,31,DAL,SF,79,3.2,1.8,0.5,0.1,0.9,14.4
Marcus Morris,92,17612280,286,34,CLE,PF,12,2.1,0.8,0.2,0.2,0.9,5.8
Collin Sexton,93,17525000,62,25,UTA,SG,78,2.6,4.9,0.8,0.2,2.1,18.7
Jonathan Isaac,94,17400000,269,26,ORL,PF,58,4.5,0.5,0.7,1.2,0.5,6.8
D'Angelo Russell,95,17307693,65,27,LAL,PG,76,3.1,6.3,0.9,0.5,2.1,18.0
Lauri Markkanen,96,17259999,26,26,UTA,PF,55,8.2,2.0,0.9,0.5,1.4,23.2
Harrison Barnes,97,17000000,133,31,SAC,PF,82,3.0,1.2,0.7,0.1,0.7,12.2
Markelle Fultz,97,17000000,232,25,ORL,PG,43,3.2,2.8,1.0,0.3,1.2,7.8
Rui Hachimura,103,15740741,116,25,LAL,PF,68,4.3,1.2,0.6,0.4,0.7,13.6
Mitchell Robinson,104,15681818,313,25,NYK,C,31,8.5,0.6,1.2,1.1,0.8,5.6
Kevin Huerter,105,15669643,174,25,SAC,SG,64,3.5,2.6,0.7,0.4,0.8,10.2
Caris LeVert,107,15384616,108,29,CLE,SG,68,4.1,5.1,1.1,0.5,1.7,14.0
Luguentz Dort,108,15277778,160,24,OKC,SF,79,3.6,1.4,0.9,0.6,0.9,10.9
Luke Kennard,109,14763636,159,27,MEM,SG,39,2.9,3.5,0.5,0.1,1.4,11.0
Kentavious Caldwell-Pope,110,14704938,178,30,DEN,SG,76,2.4,2.4,1.3,0.6,1.0,10.1
Max Strus,111,14487684,137,27,CLE,SF,70,4.8,4.0,0.9,0.4,1.6,12.2
Reggie Bullock,112,14210528,489,32,HOU,SF,44,1.7,0.3,0.3,0.1,0.2,2.2
Doug McDermott,113,14000000,315,32,IND,SF,18,0.6,0.7,0.3,0.0,0.2,4.2
Tyus Jones,113,14000000,140,27,WAS,PG,66,2.7,7.3,1.1,0.3,1.0,12.0
Dorian Finney-Smith,115,13932008,214,30,BRK,PF,68,4.7,1.6,0.8,0.6,0.9,8.5
Anthony Edwards,116,13534817,13,22,MIN,SG,79,5.4,5.1,1.3,0.5,3.1,25.9
Wendell Carter,117,13050000,156,24,ORL,C,55,6.9,1.7,0.6,0.5,1.2,11.0
Gary Harris,118,13000000,260,29,ORL,SG,54,1.7,1.6,0.9,0.3,0.6,6.9
Josh Hart,119,12960000,194,28,NYK,SF,81,8.3,4.1,0.9,0.3,1.5,9.4
Naz Reid,120,12950400,118,24,MIN,C,81,5.2,1.3,0.8,0.9,1.4,13.5
Brandon Clarke,122,12500000,150,27,MEM,PF,6,5.3,1.5,0.8,1.0,0.5,11.3
Grant Williams,124,12405000,172,25,CHO,PF,29,5.1,3.2,0.7,0.4,1.9,13.9
Daniel Gafford,126,12402000,155,25,DAL,PF,29,6.9,1.6,0.7,1.9,1.0,11.2
Kelly Olynyk,127,12195122,188,32,TOR,C,28,5.6,4.6,1.3,0.6,2.5,12.7
Victor Wembanyama,128,12160632,39,20,SAS,C,71,10.6,3.9,1.2,3.6,3.7,21.4
James Wiseman,129,12119440,254,22,DET,C,63,5.3,0.9,0.2,0.6,1.0,7.1
Richaun Holmes,131,12046020,341,30,WAS,PF,17,6.1,0.6,0.5,0.6,0.7,7.1
Austin Reaves,132,12015150,83,25,LAL,SG,82,4.3,5.5,0.8,0.3,2.1,15.9
Chris Boucher,134,11750000,288,31,TOR,PF,50,4.1,0.5,0.3,0.5,0.6,6.4
Bobby Portis,135,11710818,112,28,MIL,PF,82,7.4,1.3,0.8,0.4,1.1,13.8
Nicolas Batum,135,11710818,329,35,PHI,PF,57,4.2,2.2,0.8,0.6,0.7,5.5
Robert Covington,137,11692308,368,33,PHI,SF,26,3.4,0.7,1.3,0.6,0.4,4.5
Paolo Banchero,138,11608080,30,21,ORL,PF,80,6.9,5.4,0.9,0.6,3.1,22.6
Robert Williams,139,11571429,273,26,POR,C,6,6.3,0.8,1.2,1.2,1.2,6.8
Coby White,140,11111111,60,23,CHI,PG,79,4.5,5.1,0.7,0.2,2.1,19.1
Cade Cunningham,141,11055360,29,22,DET,PG,62,4.3,7.5,0.9,0.4,3.4,22.7
Talen Horton-Tucker,142,11020000,180,23,UTA,PG,51,2.4,3.5,0.9,0.4,1.3,10.1
PJ Tucker,143,11014500,511,38,LAC,PF,28,2.5,0.6,0.5,0.2,0.2,1.6
Joe Ingles,144,11000000,373,36,ORL,SF,68,2.1,3.0,0.6,0.1,1.0,4.4
Maxi Kleber,144,11000000,374,32,DAL,C,43,3.3,1.6,0.4,0.7,0.7,4.4
Ivica Zubac,146,10933333,144,26,LAC,C,68,9.2,1.4,0.3,1.2,1.2,11.7
LaMelo Ball,147,10900635,23,22,CHO,PG,22,5.1,8.0,1.8,0.2,3.8,23.9
Donte DiVincenzo,148,10900000,89,27,NYK,SG,81,3.7,2.7,1.3,0.4,1.4,15.5
Brandon Miller,149,10880364,70,21,CHO,SF,74,4.3,2.4,0.9,0.6,1.8,17.3
Terance Mann,150,10576923,208,27,LAC,SG,75,3.4,1.6,0.6,0.2,0.6,8.8
Gabe Vincent,151,10500000,451,27,LAL,PG,11,0.8,1.9,0.8,0.0,0.5,3.1
Matisse Thybulle,151,10500000,324,26,POR,SF,65,2.1,1.4,1.7,0.8,0.6,5.4
Alec Burks,153,10489600,170,32,DET,SG,43,2.6,1.6,0.5,0.3,0.7,12.6
Chet Holmgren,154,10386000,80,21,OKC,C,82,7.9,2.4,0.6,2.3,1.6,16.5
Larry Nance Jr,155,10375000,310,31,NOP,C,61,5.0,1.9,1.0,0.3,0.8,5.7
Landry Shamet,156,10250000,253,26,WAS,SG,46,1.3,1.2,0.5,0.2,0.7,7.1
Al Horford,157,10000000,211,37,BOS,C,65,6.4,2.6,0.6,1.0,0.7,8.6
Malik Monk,158,9945830,91,25,SAC,SG,72,2.9,5.1,0.6,0.5,2.1,15.4
Tre Jones,159,9895833,181,24,SAS,PG,77,3.8,6.2,1.0,0.1,1.5,10.0
Jalen Green,160,9891480,55,21,HOU,SG,82,5.2,3.5,0.8,0.3,2.3,19.6
Patrick Williams,161,9835881,183,22,CHI,PF,43,3.9,1.5,0.9,0.8,1.3,10.0
Monte Morris,162,9800926,342,28,MIN,PG,27,1.7,2.3,0.7,0.3,0.2,5.1
Scoot Henderson,163,9770904,107,19,POR,PG,62,3.1,5.4,0.8,0.2,3.4,14.0
Royce O'Neale,165,9500000,235,30,PHO,SF,30,5.2,2.7,0.9,0.5,0.7,8.1
Alex Caruso,166,9460000,179,29,CHI,SG,71,3.8,3.5,1.7,1.0,1.4,10.1
Pat Connaughton,168,9423869,311,31,MIL,SF,76,3.1,2.1,0.5,0.3,0.6,5.6
Cameron Payne,169,9391467,242,29,PHI,PG,31,1.8,3.1,0.6,0.3,1.1,9.3
Jabari Smith,170,9326520,114,20,HOU,PF,76,8.1,1.6,0.7,0.8,1.2,13.7
Isaiah Hartenstein,171,9245121,233,25,NYK,C,75,8.3,2.5,1.2,1.1,1.2,7.8
Kyle Anderson,172,9219512,287,30,MIN,PF,79,3.5,4.2,0.9,0.6,1.2,6.4
Daniel Theis,173,9108387,291,31,LAC,C,59,4.1,1.0,0.4,0.9,0.7,6.3
Thaddeus Young,174,9010371,384,35,PHO,PF,10,2.8,0.7,0.5,0.2,0.4,2.3
Grayson Allen,175,8925000,117,28,PHO,SG,75,3.9,3.0,0.9,0.6,1.3,13.5
Isaac Okoro,176,8920794,196,23,CLE,SF,69,3.0,1.9,0.8,0.5,0.8,9.4
Evan Mobley,177,8882640,87,22,CLE,PF,50,9.4,3.2,0.9,1.4,1.8,15.7
Amen Thompson,178,8809284,193,21,HOU,SF,62,6.6,2.6,1.3,0.6,1.5,9.5
Georges Niang,179,8800000,195,30,CLE,PF,82,3.4,1.2,0.4,0.2,0.9,9.4
Gary Payton II,180,8715000,317,31,GSW,SG,44,2.6,1.1,0.9,0.4,0.6,5.5
Keegan Murray,182,8409000,94,23,SAC,SF,77,5.5,1.7,1.0,0.8,0.8,15.2
Delon Wright,183,8195122,362,31,MIA,PG,14,1.9,2.6,1.4,0.2,0.2,5.4
Onyeka Okongwu,184,8109063,177,23,ATL,C,55,6.8,1.3,0.5,1.1,0.8,10.2
Scottie Barnes,185,8008680,51,22,TOR,SG,60,8.2,6.1,1.3,1.5,2.8,19.9
De'Anthony Melton,186,8000000,152,25,PHI,SG,38,3.7,3.0,1.6,0.4,1.0,11.1
Jeff Green,186,8000000,284,37,HOU,PF,78,2.3,0.9,0.2,0.4,0.6,6.5
Jock Landale,186,8000000,350,28,HOU,C,56,3.1,1.2,0.4,0.6,0.6,4.9
Moritz Wagner,186,8000000,163,26,ORL,C,80,4.3,1.2,0.5,0.3,1.2,10.9
Trey Lyles,186,8000000,250,28,SAC,PF,58,4.4,1.2,0.3,0.3,0.7,7.2
Ausar Thompson,191,7977420,209,21,DET,SF,63,6.4,1.9,1.1,0.9,1.3,8.8
Miles Bridges,192,7921300,42,25,CHO,SF,69,7.3,3.3,0.9,0.5,2.0,21.0
Danilo Gallinari,193,7850062,307,35,MIL,SF,17,1.1,0.7,0.4,0.1,0.6,2.8
Paul Reed,194,7723000,246,24,PHI,C,82,6.0,1.3,0.8,1.0,0.8,7.3
Zach Collins,196,7700000,151,26,SAS,C,69,5.4,2.8,0.5,0.8,1.9,11.2
Jaden Ivey,197,7614480,90,21,DET,SG,77,3.4,3.8,0.7,0.5,2.5,15.4
Cody Martin,198,7560000,240,28,CHO,SF,28,3.9,3.7,1.1,0.6,1.6,7.5
Kevon Looney,200,7500000,364,27,GSW,C,74,5.7,1.8,0.4,0.4,0.7,4.5
Killian Hayes,201,7413955,261,22,DET,PG,42,2.8,4.9,0.9,0.5,1.2,6.9
Jalen Suggs,202,7252080,128,22,ORL,SG,75,3.1,2.7,1.4,0.6,1.8,12.6
Anthony Black,203,7245480,358,20,ORL,PG,69,2.0,1.3,0.5,0.3,0.8,4.6
Jae'Sean Tate,204,7000000,394,28,HOU,SF,65,3.0,1.0,0.6,0.2,0.6,4.1
Bennedict Mathurin,206,6916080,102,21,IND,SF,59,4.0,2.0,0.6,0.2,1.6,14.5
Obi Toppin,207,6803012,173,25,IND,PF,82,3.9,1.6,0.6,0.5,0.8,10.3
Caleb Martin,208,6802950,182,28,MIA,SF,64,4.4,2.2,0.7,0.5,1.2,10.0
Cedi Osman,209,6718842,270,28,SAS,SF,72,2.5,1.7,0.5,0.2,0.7,6.8
Bilal Coulibaly,210,6614256,216,19,WAS,SF,63,4.1,1.7,0.9,0.8,1.4,8.4
Josh Giddey,211,6587040,131,21,OKC,SG,80,6.4,4.8,0.6,0.6,2.1,12.3
Ayo Dosunmu,212,6481482,134,24,CHI,SG,76,2.8,3.2,0.9,0.5,1.4,12.2
Sasha Vezenkov,214,6341464,325,28,SAC,PF,42,2.3,0.5,0.5,0.2,0.3,5.4
Shaedon Sharpe,215,6313800,84,20,POR,SG,32,5.0,2.9,0.9,0.4,2.3,15.9
Otto Porter,216,6300000,468,30,TOR,SF,15,1.9,0.5,0.3,0.3,0.1,2.6
Deni Avdija,217,6263188,100,23,WAS,SF,75,7.2,3.8,0.8,0.5,2.1,14.7
Nassir Little,218,6250000,432,23,PHO,SF,45,1.7,0.5,0.2,0.2,0.3,3.4
Bismack Biyombo,219,6194075,367,31,OKC,C,10,1.8,0.2,0.1,0.3,0.4,1.8
Jevon Carter,220,6190476,344,28,CHI,PG,72,0.8,1.3,0.5,0.2,0.5,5.0
Kenrich Williams,221,6175000,356,29,OKC,PF,69,3.0,1.3,0.6,0.1,0.5,4.7
Jarace Walker,222,6059460,421,20,IND,PF,33,1.9,1.2,0.5,0.3,0.5,3.6
Jonathan Kuminga,223,6012840,81,21,GSW,PF,74,4.8,2.2,0.7,0.5,1.6,16.1
Devin Vassell,224,5887899,57,23,SAS,SG,68,3.8,4.1,1.1,0.3,1.6,19.5
Tyrese Haliburton,225,5808435,48,23,IND,PG,69,3.9,10.9,1.2,0.7,2.3,20.1
Dyson Daniels,226,5784120,306,20,NOP,PG,61,3.9,2.7,1.4,0.4,1.0,5.8
Kira Lewis,227,5722116,442,22,UTA,PG,12,1.0,1.6,0.3,0.1,0.5,3.8
Dean Wade,228,5709877,326,27,CLE,PF,54,4.0,0.8,0.7,0.5,0.4,5.4
Aaron Nesmith,229,5634257,136,24,IND,SF,72,3.8,1.5,0.9,0.7,0.9,12.2
Aleksej Pokusevski,230,5574809,334,22,CHO,PF,18,4.4,1.7,0.8,0.7,0.9,7.4
Taylor Hendricks,231,5569872,245,20,UTA,PF,40,4.6,0.8,0.7,0.8,0.7,7.3
Shake Milton,232,5552938,361,27,NYK,SG,6,1.0,0.7,0.2,0.0,0.0,1.8
JaVale McGee,233,5544772,402,36,SAC,C,46,2.7,0.4,0.3,0.4,0.7,4.0
Cole Anthony,234,5539771,145,23,ORL,PG,81,3.8,2.9,0.8,0.5,1.6,11.6
Franz Wagner,235,5508720,53,22,ORL,SF,72,5.3,3.7,1.1,0.4,1.9,19.7
Furkan Korkmaz,236,5370370,472,26,PHI,SG,35,0.9,0.7,0.4,0.1,0.3,2.5
Jeremy Sochan,238,5316960,146,20,SAS,PF,74,6.4,3.4,0.8,0.5,1.9,11.6
Cason Wallace,239,5291352,272,20,OKC,SG,82,2.3,1.5,0.9,0.5,0.5,6.8
Isaiah Stewart,240,5266713,162,22,DET,PF,46,6.6,1.6,0.4,0.8,1.4,10.9
Chuma Okeke,241,5266712,484,25,ORL,SF,47,1.7,0.4,0.2,0.1,0.3,2.3
Davion Mitchell,242,5063640,331,25,SAC,PG,72,1.3,1.9,0.2,0.0,0.6,5.3
Johnny Davis,243,5050800,453,21,WAS,SG,50,1.4,0.6,0.4,0.2,0.3,3.0
Jalen Smith,244,5043773,186,23,IND,C,61,5.5,1.0,0.3,0.6,0.7,9.9
Jett Howard,245,5026824,517,20,ORL,SF,18,0.4,0.3,0.1,0.1,0.2,1.6
Mason Plumlee,246,5000000,332,33,LAC,C,46,5.1,1.2,0.3,0.4,0.8,5.3
Reggie Jackson,246,5000000,175,33,DEN,PG,82,1.9,3.8,0.5,0.2,1.3,10.2
Ziaire Williams,248,4810200,222,22,MEM,SF,51,3.5,1.5,0.7,0.2,1.3,8.2
Ousmane Dieng,249,4798440,397,20,OKC,PF,33,1.5,1.1,0.2,0.2,0.6,4.0
Taj Gibson,250,4776302,510,38,DET,PF,4,2.3,0.5,0.3,0.3,0.0,4.5
Josh Green,252,4765339,220,23,DAL,SG,57,3.2,2.3,0.8,0.2,1.1,8.2
Nickeil Alexander-Walker,253,4687500,226,25,MIN,SG,82,2.0,2.5,0.8,0.5,0.9,8.0
Jarred Vanderbilt,254,4640000,337,24,LAL,PF,29,4.8,1.2,1.2,0.2,1.0,5.2
James Bouknight,255,4570080,418,23,CHO,SG,14,0.6,0.4,0.1,0.1,0.1,3.6
Jalen Williams,256,4558680,61,22,OKC,PF,71,4.0,4.5,1.1,0.6,1.7,19.1
Saddiq Bey,257,4556983,113,24,ATL,SF,63,6.5,1.5,0.8,0.2,0.9,13.7
Gradey Dick,258,4536708,213,20,TOR,SG,60,2.2,1.1,0.6,0.0,0.8,8.5
Jalen McDaniels,259,4516000,433,26,TOR,SF,50,1.6,0.7,0.4,0.1,0.6,3.4
Taurean Prince,259,4516000,204,29,LAL,PF,78,2.9,1.5,0.7,0.4,0.9,8.9
Precious Achiuwa,261,4379526,238,24,NYK,PF,49,7.2,1.1,0.6,1.1,1.1,7.6
Tyrese Maxey,262,4343920,14,23,PHI,PG,70,3.7,6.2,1.0,0.5,1.7,25.9
Jalen Duren,263,4330680,111,20,DET,C,61,11.6,2.4,0.5,0.8,2.1,13.8
Danuel House,264,4310250,390,30,PHI,SF,34,1.7,0.8,0.4,0.1,0.6,4.2
Jordan Hawkins,265,4310196,234,21,NOP,SG,67,2.2,1.0,0.3,0.1,0.6,7.8
Mike Muscala,266,4308297,452,32,OKC,C,16,1.3,0.3,0.1,0.1,0.3,1.1
Zeke Nnaji,267,4306281,445,23,DEN,PF,58,2.2,0.6,0.3,0.7,0.5,3.2
Immanuel Quickley,268,4171548,74,24,2TM,SG,68,3.8,4.9,0.7,0.1,1.5,17.0
Chris Duarte,269,4124400,408,26,SAC,SF,59,1.8,0.7,0.5,0.1,0.4,3.9
Ochai Agbaji,270,4114200,304,23,TOR,SG,27,3.3,1.3,0.7,0.6,1.1,6.7
Kobe Bufkin,271,4094244,353,20,ATL,SG,17,1.9,1.6,0.4,0.3,0.6,4.8
Payton Pritchard,272,4037277,192,26,BOS,PG,82,3.2,3.4,0.5,0.1,0.7,9.6
Dwight Powell,273,4000000,437,32,DAL,C,63,3.4,1.3,0.4,0.3,0.5,3.3
Seth Curry,273,4000000,338,33,CHO,SG,8,2.0,1.8,0.6,0.4,0.6,9.0
Troy Brown,273,4000000,387,24,DET,SF,22,3.3,1.1,0.7,0.0,0.5,4.2
Moses Moody,276,3918480,225,21,GSW,SG,66,3.0,0.9,0.6,0.4,0.7,8.1
Mark Williams,277,3908160,127,22,CHO,C,19,9.7,1.2,0.8,1.1,0.9,12.7
Jaden McDaniels,278,3901399,169,23,MIN,SF,72,3.1,1.4,0.9,0.6,1.2,10.5
Keyonte George,279,3889776,122,20,UTA,PG,75,2.8,4.4,0.5,0.1,2.5,13.0
Malachi Flynn,280,3873024,314,25,DET,PG,24,1.8,2.1,0.8,0.1,1.1,8.0
Desmond Bane,281,3845083,24,25,MEM,SG,42,4.4,5.5,1.0,0.5,2.7,23.7
James Johnson,282,3839412,549,36,IND,PF,9,0.4,0.9,0.6,0.1,0.6,0.9
Kevin Love,283,3835738,207,35,MIA,PF,55,6.1,2.1,0.3,0.2,0.9,8.8
Russell Westbrook,283,3835738,154,35,LAC,PG,68,5.0,4.5,1.1,0.3,2.1,11.1
Corey Kispert,286,3722040,120,24,WAS,SF,80,2.8,2.0,0.5,0.2,1.2,13.4
AJ Griffin,287,3712920,476,20,ATL,SF,20,0.9,0.3,0.1,0.1,0.4,2.4
Jalen Hood-Schifino,288,3695076,516,20,LAL,SG,21,0.6,0.4,0.1,0.1,0.4,1.6
Amir Coffey,289,3666667,277,26,LAC,SF,70,2.1,1.1,0.6,0.2,0.5,6.6
Alperen Sengun,290,3536280,41,21,HOU,C,63,9.3,5.0,1.2,0.7,2.6,21.1
Tari Eason,291,3527160,189,22,HOU,PF,22,7.0,1.2,1.4,0.9,0.9,9.8
Jaime Jaquez,292,3510540,141,22,MIA,SF,75,3.8,2.6,1.0,0.3,1.5,11.9
Andre Drummond,293,3360000,217,30,CHI,C,79,9.0,0.5,0.9,0.6,1.0,8.4
Brandin Podziemski,295,3352404,201,20,GSW,SG,74,5.8,3.7,0.8,0.2,1.2,9.2
Dalen Terry,296,3350760,450,21,CHI,SG,59,1.9,1.4,0.5,0.3,0.5,3.1
Keon Johnson,297,3342765,295,21,BRK,SG,5,1.4,0.6,0.6,0.2,1.0,6.2
Jake LaRavia,299,3199920,165,22,MEM,PF,35,3.7,1.7,0.8,0.3,1.3,10.8
Alex Len,301,3196448,473,30,SAC,C,48,2.7,1.0,0.2,0.7,0.6,2.5
Cody Zeller,301,3196448,509,31,NOP,C,43,2.6,0.9,0.2,0.1,0.4,1.8
Cory Joseph,301,3196448,479,32,GSW,PG,26,1.2,1.6,0.2,0.1,0.5,2.4
DeAndre Jordan,301,3196448,409,35,DEN,C,36,4.4,0.7,0.2,0.4,0.6,3.9
Derrick Rose,301,3196448,228,35,MEM,PG,24,1.9,3.3,0.3,0.1,1.3,8.0
Eric Gordon,301,3196448,157,35,PHO,SG,68,1.8,2.0,1.0,0.4,1.1,11.0
Garrett Temple,301,3196448,439,37,TOR,SG,27,1.7,1.0,0.4,0.1,0.5,3.3
Jae Crowder,301,3196448,294,33,MIL,PF,50,3.2,1.3,0.8,0.2,0.5,6.2
Justin Holiday,301,3196448,400,34,DEN,SG,58,1.2,1.2,0.6,0.2,0.2,4.0
Markieff Morris,301,3196448,474,34,DAL,PF,26,1.5,0.6,0.2,0.1,0.5,2.5
Patrick Beverley,301,3196448,293,35,MIL,PG,26,3.6,2.6,0.7,0.5,0.6,6.0
Robin Lopez,301,3196448,541,35,MIL,C,16,0.3,0.3,0.1,0.2,0.1,1.1
Tristan Thompson,301,3196448,440,32,CLE,C,49,3.6,1.0,0.2,0.3,0.6,3.3
Wesley Matthews,301,3196448,449,37,ATL,SG,36,1.5,0.6,0.4,0.3,0.2,3.1
Tre Mann,316,3191400,197,22,CHO,PG,28,4.5,5.2,1.7,0.1,2.0,11.9
Usman Garuba,317,3159790,559,21,GSW,PF,6,1.2,0.2,0.2,0.5,0.3,0.5
Noah Clowney,318,3089460,305,19,BRK,PF,23,3.5,0.8,0.3,0.7,0.7,5.8
Malaki Branham,319,3071880,198,20,SAS,PG,75,2.0,2.1,0.4,0.1,1.2,9.2
Simone Fontecchio,320,3044872,167,28,DET,SF,16,4.4,1.8,0.9,0.3,1.1,15.4
Dante Exum,321,3000000,231,28,DAL,PG,55,2.7,2.9,0.4,0.1,0.9,7.8
Jordan Nwora,321,3000000,256,25,TOR,SF,34,3.4,1.3,0.6,0.4,1.2,7.9
Julian Champagnie,321,3000000,268,22,SAS,SF,74,2.8,1.4,0.6,0.6,0.8,6.8
Dariq Whitehead,324,2966040,526,19,BRK,SF,2,2.0,1.5,0.0,0.5,0.0,1.5
Christian Braun,325,2949120,243,22,DEN,SG,82,3.7,1.6,0.5,0.4,0.7,7.3
Jalen Johnson,326,2925360,82,22,ATL,SF,56,8.7,3.6,1.2,0.8,1.8,16.0
Josh Richardson,327,2891467,185,30,MIA,SG,43,2.8,2.4,0.6,0.3,0.8,9.9
Kelly Oubre,327,2891467,92,28,PHI,SF,68,5.0,1.5,1.1,0.7,1.3,15.4
Kris Murray,330,2847504,298,23,POR,SF,62,3.6,1.3,0.9,0.3,0.9,6.1
Walker Kessler,332,2831160,224,22,UTA,C,64,7.5,0.9,0.5,2.4,1.0,8.1
Josh Okogie,334,2815937,359,25,PHO,SG,60,2.6,1.1,0.8,0.4,0.6,4.6
Omer Yurtseven,335,2800000,360,25,UTA,C,48,4.3,0.6,0.2,0.4,0.8,4.6
Olivier-Maxence Prosper,337,2733720,455,21,DAL,PF,40,2.0,0.6,0.2,0.1,0.2,3.0
David Roddy,339,2718240,282,22,PHO,PF,17,0.6,0.2,0.1,0.0,0.2,1.3
Christian Wood,340,2709849,266,28,LAL,PF,50,5.1,1.0,0.3,0.7,1.0,6.9
Derrick Jones,340,2709849,212,26,DAL,SF,76,3.3,1.0,0.7,0.7,0.9,8.6
Malik Beasley,340,2709849,149,27,MIL,SG,79,3.7,1.4,0.7,0.1,0.7,11.3
Chimezie Metu,344,2697258,280,26,DET,C,14,6.0,1.9,1.7,0.5,1.8,10.5
Isaiah Jackson,345,2696280,285,22,IND,C,59,4.0,0.8,0.6,1.0,0.7,6.5
Marcus Sasser,346,2624028,219,23,DET,PG,71,1.8,3.3,0.6,0.2,1.3,8.3
MarJon Beauchamp,347,2609400,372,23,MIL,SF,48,2.1,0.6,0.3,0.1,0.6,4.4
Charles Bassey,348,2600000,435,23,SAS,C,19,4.0,1.1,0.4,0.9,0.8,3.3
Damian Jones,349,2586665,464,28,CLE,C,39,1.6,0.4,0.2,0.3,0.3,2.7
Kenneth Lofton,350,2586618,357,21,UTA,PF,4,5.0,4.8,0.8,0.5,1.5,13.8
Kris Dunn,351,2586484,320,29,UTA,PG,66,2.9,3.8,1.0,0.4,1.2,5.4
Bruno Fernando,352,2581522,290,25,ATL,C,45,4.3,1.0,0.6,0.6,1.0,6.3
Jeremiah Robinson-Earl,353,2548843,457,23,NOP,PF,39,1.9,0.5,0.3,0.1,0.4,2.9
Ben Sheppard,354,2537172,377,22,IND,SG,57,1.6,0.9,0.6,0.0,0.3,4.4
Dennis Smith,355,2528233,279,26,BRK,PG,56,2.9,3.6,1.2,0.2,1.2,6.6
Frank Ntilikina,355,2528233,546,25,CHO,PG,5,1.2,0.8,0.0,0.0,0.2,1.0
Ryan Arcidiacono,355,2528233,563,29,NYK,PG,20,0.4,0.2,0.1,0.0,0.1,0.0
Thomas Bryant,355,2528233,308,26,MIA,C,38,3.7,0.6,0.3,0.4,0.6,5.7
Torrey Craig,355,2528233,309,33,CHI,SF,53,4.1,1.1,0.6,0.4,0.6,5.7
Blake Wesley,361,2504640,378,20,SAS,SG,61,1.5,2.7,0.5,0.1,0.9,4.4
Lamar Stevens,362,2492354,247,26,MEM,PF,19,5.1,1.1,0.9,0.9,0.8,11.5
Nick Smith,363,2463912,303,19,CHO,SG,51,1.4,1.2,0.2,0.1,0.8,5.9
Brice Sensabaugh,364,2448600,241,20,UTA,SF,32,3.2,1.7,0.4,0.2,1.5,7.5
Ty Jerome,365,2439025,502,26,CLE,SG,2,0.5,1.5,0.0,0.0,0.5,2.0
Julian Strawther,366,2431044,366,21,DEN,SF,50,1.2,0.9,0.3,0.1,0.5,4.5
Tristan Vukcevic,367,2424892,215,20,WAS,C,10,3.6,1.3,0.5,0.7,1.0,8.5
Wendell Moore,368,2421720,554,22,MIN,SG,25,0.5,0.2,0.2,0.0,0.2,0.7
Jordan McLaughlin,369,2420000,425,27,MIN,PG,56,1.3,2.0,0.6,0.1,0.3,3.5
Kobe Brown,370,2413356,497,24,LAC,PF,44,1.4,0.6,0.3,0.1,0.2,2.0
Luke Kornet,371,2413304,330,28,BOS,C,63,4.1,1.1,0.4,1.0,0.3,5.3
John Konchar,372,2400000,382,27,MEM,SF,55,4.7,2.0,0.9,0.9,0.8,4.3
Quentin Grimes,373,2385720,257,23,DET,SG,6,2.0,2.3,0.8,0.7,1.2,5.3
Aaron Holiday,375,2346614,278,27,HOU,PG,78,1.6,1.8,0.5,0.1,0.7,6.6
Drew Eubanks,375,2346614,339,26,PHO,C,75,4.3,0.8,0.4,0.8,0.8,5.1
Keita Bates-Diop,375,2346614,413,28,BRK,SF,14,0.6,0.3,0.2,0.1,0.1,1.6
Mo Bamba,375,2346614,370,25,PHI,C,57,4.2,0.7,0.4,1.1,0.7,4.4
Thanasis Antetokounmpo,375,2346614,548,31,MIL,PF,34,0.4,0.5,0.2,0.1,0.4,0.9
Yuta Watanabe,375,2346614,428,29,MEM,SF,5,1.8,1.0,0.6,0.0,0.6,2.6
Patrick Baldwin,383,2337720,369,21,WAS,SF,38,3.2,0.8,0.5,0.4,0.5,4.4
Harry Giles,384,2306554,475,25,LAL,C,7,0.6,0.0,0.1,0.0,0.0,0.3
Bones Hyland,385,2306400,262,23,LAC,PG,37,1.5,2.5,0.7,0.1,1.2,6.9
Peyton Watson,386,2303520,276,21,DEN,SF,80,3.2,1.1,0.5,1.1,0.7,6.7
Cam Thomas,387,2240160,35,22,BRK,SG,66,3.2,2.9,0.7,0.2,1.9,22.5
Vince Williams Jr,389,2232308,184,23,MEM,SG,52,5.6,3.4,0.9,0.7,1.8,10.0
Jaden Springer,390,2226240,434,21,BOS,PG,17,1.2,0.5,0.6,0.2,0.5,2.1
Day'Ron Sharpe,391,2210040,271,22,BRK,C,61,6.4,1.4,0.4,0.7,1.1,6.8
Jordan Goodwin,392,2208045,281,25,MEM,PG,17,8.0,4.5,1.5,0.5,1.6,10.0
Bol Bol,394,2165000,335,24,PHO,PF,43,3.2,0.4,0.2,0.6,0.4,5.2
Cam Reddish,394,2165000,322,24,LAL,SF,48,2.1,1.0,1.0,0.3,0.6,5.4
Jaxson Hayes,394,2165000,380,23,LAL,C,70,3.0,0.5,0.5,0.4,0.6,4.3
Moses Brown,394,2165000,430,24,POR,C,22,3.9,0.3,0.2,0.3,0.5,3.4
Oshae Brissett,394,2165000,414,25,BOS,SF,55,2.9,0.8,0.3,0.1,0.4,3.7
Kevin Knox,399,2144320,249,24,DET,SF,31,2.4,0.7,0.4,0.2,0.7,7.2
Andrew Nembhard,400,2131905,199,24,IND,PG,68,2.1,4.1,0.9,0.1,1.5,9.2
Goga Bitadze,401,2066585,343,24,ORL,C,62,4.6,1.3,0.5,1.2,0.7,5.0
Matt Ryan,403,2059782,323,26,NOP,SF,28,1.4,0.6,0.2,0.0,0.7,5.4
Colby Jones,404,2019706,495,21,SAC,SG,30,1.3,0.7,0.2,0.2,0.3,2.1
Dalano Banton,404,2019706,171,24,POR,PG,30,4.8,3.6,0.9,0.6,2.2,16.7
Sandro Mamukelashvili,404,2019706,392,24,SAS,C,46,3.2,1.1,0.2,0.3,0.4,4.1
Terry Taylor,404,2019706,525,24,CHI,PF,31,1.2,0.3,0.2,0.1,0.2,1.5
Trendon Watford,404,2019706,264,23,BRK,PF,63,3.1,1.3,0.4,0.3,1.0,6.9
Caleb Houstan,410,2000000,381,21,ORL,SF,59,1.4,0.5,0.3,0.1,0.3,4.3
Garrison Mathews,410,2000000,351,27,ATL,SG,66,1.4,0.6,0.3,0.1,0.3,4.9
Jaylin Williams,410,2000000,406,21,OKC,C,69,3.4,1.6,0.4,0.4,0.5,4.0
Anthony Gill,413,1997238,411,31,WAS,PF,50,1.9,0.7,0.3,0.2,0.5,3.8
Isaiah Joe,413,1997238,221,24,OKC,SG,78,2.3,1.3,0.6,0.3,0.6,8.2
Sam Merrill,413,1997238,227,27,CLE,SG,61,2.0,1.8,0.3,0.1,0.3,8.0
Duop Reath,417,1951220,202,27,POR,C,68,3.7,1.0,0.5,0.6,0.8,9.1
KJ Martin,418,1930681,412,23,PHI,SF,58,2.2,0.9,0.3,0.2,0.5,3.7
Naji Marshall,418,1930681,252,26,NOP,SF,66,3.6,1.9,0.7,0.2,1.0,7.1
Xavier Tillman,418,1930681,328,25,BOS,PF,20,2.7,1.0,0.5,0.5,0.3,4.0
Jericho Sims,421,1927896,504,25,NYK,C,45,3.3,0.6,0.2,0.4,0.4,2.0
Kessler Edwards,421,1927896,512,23,SAC,SF,54,0.8,0.3,0.2,0.1,0.1,1.7
Sam Hauser,421,1927896,203,26,BOS,SF,79,3.5,1.0,0.5,0.3,0.4,9.0
Haywood Highsmith,424,1902137,296,27,MIA,PF,66,3.2,1.1,0.8,0.5,0.5,6.1
AJ Green,425,1901769,363,24,MIL,SG,56,1.1,0.5,0.2,0.1,0.2,4.5
Ryan Rollins,426,1893589,427,21,MIL,PG,3,0.7,1.0,0.7,0.0,0.3,1.0
Aaron Wiggins,427,1836096,265,25,OKC,SG,78,2.4,1.1,0.7,0.2,0.7,6.9
Isaiah Livers,427,1836096,346,25,DET,PF,23,2.1,1.1,0.6,0.2,0.7,5.0
JT Thor,427,1836096,447,21,CHO,PF,63,2.3,0.5,0.2,0.4,0.2,3.2
Jose Alvarado,427,1836096,251,25,NOP,PG,56,2.3,2.1,1.1,0.3,0.7,7.1
Miles McBride,427,1836096,218,23,NYK,PG,68,1.5,1.7,0.7,0.1,0.4,8.3
Jared Butler,434,1809782,289,23,WAS,SG,40,1.5,3.2,0.7,0.2,1.3,6.3
Dru Smith,435,1801769,383,26,MIA,SG,9,1.6,1.6,1.0,0.3,0.6,4.3
Orlando Robinson,435,1801769,461,23,MIA,C,36,2.3,0.9,0.2,0.2,0.5,2.8
Leonard Miller,438,1800000,513,20,MIN,SF,17,1.2,0.5,0.1,0.1,0.1,1.7
Bryce McGowens,439,1719864,340,21,CHO,SG,59,1.7,0.9,0.4,0.2,0.5,5.1
Jabari Walker,439,1719864,205,21,POR,SF,72,7.1,1.0,0.6,0.3,0.9,8.9
Jaden Hardy,439,1719864,244,21,DAL,SG,73,1.8,1.5,0.3,0.1,0.8,7.3
Josh Minott,439,1719864,520,21,MIN,SF,32,0.5,0.3,0.2,0.2,0.1,1.6
Max Christie,439,1719864,388,20,LAL,SG,67,2.1,0.9,0.3,0.3,0.5,4.2
Jalen Pickett,447,1708143,521,24,DEN,SG,27,0.5,0.8,0.1,0.0,0.3,1.6
Julian Phillips,448,1600000,493,20,CHI,SF,40,0.9,0.3,0.2,0.2,0.3,2.2
Craig Porter,449,1500000,312,23,CLE,PG,51,2.1,2.3,0.4,0.3,0.9,5.6
Eugene Omoruyi,450,1459782,355,26,WAS,SF,43,2.0,0.8,0.6,0.1,0.5,4.8
DaQuan Jeffries,452,1341538,551,26,NYK,SG,17,0.3,0.3,0.0,0.1,0.2,0.8
Skylar Mays,454,1165280,391,26,LAL,SG,17,0.4,0.6,0.4,0.1,0.1,1.3
Andre Jackson Jr,455,1119563,492,22,MIL,SG,57,2.0,0.9,0.3,0.1,0.5,2.2
Chris Livingston,455,1119563,539,20,MIL,SF,21,1.0,0.2,0.1,0.0,0.2,1.2
Hunter Tyson,455,1119563,543,23,DEN,PF,18,0.5,0.1,0.1,0.0,0.1,1.1
Jordan Walsh,455,1119563,515,19,BOS,SF,9,2.2,0.6,0.6,0.1,0.3,1.7
Maxwell Lewis,455,1119563,562,21,LAL,SF,34,0.1,0.2,0.1,0.0,0.3,0.3
Mouhamed Gueye,455,1119563,399,21,ATL,PF,6,3.7,0.7,0.8,0.7,0.2,4.0
Rayan Rupert,455,1119563,404,19,POR,SG,39,2.4,1.6,0.3,0.1,0.8,4.0
Sidy Cissoko,455,1119563,410,19,SAS,SF,12,1.8,0.8,0.6,0.3,0.3,3.8
Toumani Camara,455,1119563,239,23,POR,PF,70,4.9,1.2,0.9,0.5,1.2,7.5
Trayce Jackson-Davis,455,1119563,230,23,GSW,PF,68,5.0,1.2,0.4,1.1,0.7,7.9
Dylan Windler,465,1116288,470,27,ATL,SF,6,2.0,0.5,0.3,0.0,0.3,4.7
Trent Forrest,466,1112933,490,25,ATL,SG,38,1.3,2.4,0.3,0.1,0.5,2.2
Lester Quinones,467,1108597,376,23,GSW,SG,37,1.9,1.0,0.2,0.1,0.5,4.4
Kendall Brown,468,1100000,528,20,IND,SG,15,0.3,0.3,0.0,0.0,0.1,1.4
Stanley Umude,469,1098242,333,24,DET,SG,24,2.1,0.5,0.3,0.3,0.6,5.3
Gui Santos,470,1029483,420,21,GSW,PF,23,2.1,0.6,0.2,0.1,0.3,3.6
Dominick Barlow,471,1015402,371,20,SAS,PF,33,3.4,1.1,0.4,0.4,0.3,4.4
Neemias Queta,474,891035,318,24,BOS,C,28,4.4,0.7,0.5,0.8,0.5,5.5
Jalen Wilson,475,850000,349,23,BRK,PF,43,3.0,1.0,0.3,0.1,0.4,5.0
Javon Freeman-Liberty,476,849324,258,24,TOR,PG,22,3.2,1.8,0.5,0.2,1.1,7.0
Lindy Waters III,477,766095,422,26,OKC,SG,38,1.1,0.6,0.1,0.2,0.2,3.6
Jacob Toppin,478,759245,532,23,NYK,SF,9,0.8,0.3,0.0,0.1,0.1,1.4
Mamadi Diakite,479,710574,496,27,NYK,PF,3,0.3,0.0,0.3,0.0,0.3,0.0
Jack White,480,703550,527,26,MEM,SF,4,3.0,0.3,1.0,0.3,0.5,1.5
Jacob Gilyard,482,701336,385,25,BRK,PG,4,0.8,1.5,1.5,0.0,0.3,0.0
Luka Garza,483,687465,398,25,MIN,C,25,1.2,0.2,0.2,0.0,0.2,4.0
Keon Ellis,484,683430,321,24,SAC,SG,57,2.2,1.5,0.9,0.5,0.6,5.4
TJ Warren,486,649659,417,30,MIN,SF,11,2.0,0.8,0.4,0.1,0.4,3.7
Darius Bazley,487,624425,327,23,UTA,PF,6,4.5,0.8,1.0,1.2,1.2,8.0
Adama Sanogo,489,559782,405,21,CHI,PF,9,4.0,0.0,0.1,0.0,0.6,4.0
Admiral Schofield,489,559782,542,26,ORL,PF,23,0.7,0.3,0.0,0.0,0.2,1.1
Amari Bailey,489,559782,482,19,CHO,PG,10,0.9,0.7,0.3,0.0,0.4,2.3
Braxton Key,489,559782,540,26,DEN,SF,20,0.9,0.5,0.1,0.1,0.1,1.1
Charlie Brown,489,559782,550,26,NYK,SG,8,0.3,0.0,0.0,0.3,0.3,0.8
Cole Swider,489,559782,487,24,MIA,SF,18,0.4,0.3,0.1,0.1,0.4,2.3
Colin Castleton,489,559782,523,23,LAL,C,16,0.8,0.2,0.1,0.0,0.2,1.5
Collin Gillespie,489,559782,419,24,DEN,PG,24,0.9,1.1,0.5,0.0,0.6,3.6
Daishen Nix,489,559782,508,21,MIN,PG,15,0.2,0.4,0.3,0.0,0.3,1.8
Dereon Seabron,489,559782,486,23,NOP,SG,6,1.2,0.8,0.3,0.2,0.0,2.3
Emoni Bates,489,559782,462,20,CLE,SF,15,0.9,0.7,0.1,0.1,0.5,2.7
Isaiah Mobley,489,559782,483,24,CLE,PF,10,1.0,0.6,0.2,0.0,0.2,2.3
Isaiah Wong,489,559782,506,23,IND,SG,1,0.0,0.0,0.0,0.0,0.0,2.0
JD Davison,489,559782,498,21,BOS,SG,8,1.3,1.3,0.1,0.1,0.3,2.0
Jalen Slawson,489,559782,555,24,SAC,SF,12,0.6,0.2,0.1,0.1,0.2,0.7
Jamal Cain,489,559782,415,24,MIA,PF,26,1.4,0.4,0.4,0.2,0.3,3.7
Jared Rhoden,489,559782,352,24,DET,SG,17,1.9,0.8,0.2,0.8,0.4,4.9
Jay Huff,489,559782,537,25,DEN,C,20,0.6,0.1,0.1,0.2,0.1,1.2
Jermaine Samuels,489,559782,531,25,HOU,SF,14,0.9,0.2,0.1,0.1,0.0,1.4
Jerome Robinson,489,559782,530,26,GSW,SG,22,0.3,0.2,0.0,0.1,0.1,1.4
Johnny Juzang,489,559782,248,22,UTA,SG,20,1.8,1.2,0.2,0.1,0.7,7.2
Jordan Ford,489,559782,499,25,SAC,PG,6,0.3,0.3,0.0,0.0,0.2,2.0
Jordan Miller,489,559782,519,24,LAC,SF,8,0.6,0.0,0.0,0.0,0.1,1.6
Justin Minaya,489,559782,507,24,POR,SF,34,1.6,0.6,0.3,0.3,0.3,1.8
Kevon Harris,489,559782,500,26,ORL,SG,2,1.0,0.5,0.0,0.0,0.5,2.0
Keyontae Johnson,489,559782,538,23,OKC,SF,9,1.1,0.4,0.1,0.0,0.4,1.2
Leaky Black,489,559782,463,24,CHO,SF,26,1.8,0.9,0.3,0.4,0.2,2.7
Malcolm Cazalon,489,559782,564,22,DET,SG,1,0.0,0.0,0.0,0.0,0.0,0.0
Markquis Nowell,489,559782,503,24,TOR,SG,1,2.0,2.0,1.0,0.0,0.0,2.0
Micah Potter,489,559782,436,25,UTA,PF,16,2.7,0.4,0.3,0.4,0.3,3.3
Nate Hinton,489,559782,491,24,HOU,SG,15,1.5,0.7,0.2,0.1,0.2,2.2
Olivier Sarr,489,559782,485,24,OKC,C,15,2.4,0.1,0.0,0.5,0.2,2.3
Oscar Tshiebwe,489,559782,441,24,IND,PF,8,2.0,0.3,0.3,0.1,0.0,3.3
Saben Lee,489,559782,454,24,PHO,PG,24,1.3,1.3,0.3,0.1,0.3,3.0
Seth Lundy,489,559782,518,23,ATL,SF,9,0.8,0.0,0.0,0.0,0.1,1.6
Terquavion Smith,489,559782,438,21,PHI,PG,16,0.3,0.8,0.5,0.0,0.4,3.3
Trevelin Queen,489,559782,456,26,ORL,SG,14,1.4,1.3,0.5,0.4,0.5,2.9
Udoka Azubuike,489,559782,488,24,PHO,C,16,2.0,0.2,0.1,0.4,0.3,2.2
Marques Bolden,534,502131,426,25,CHO,C,9,3.6,0.4,0.3,0.8,0.3,4.1
Onuralp Bitim,535,500000,424,24,CHI,SG,23,1.4,0.6,0.1,0.1,0.4,3.5
Xavier Moon,536,489005,480,29,LAC,SG,14,1.3,1.5,0.2,0.2,0.4,2.4
Isaiah Thomas,537,477630,535,34,PHO,PG,6,0.0,0.5,0.0,0.0,0.0,1.3
Ibou Badji,538,466485,522,21,POR,C,22,2.3,0.6,0.1,0.9,0.7,1.5
Juan Toscano-Anderson,539,447931,558,30,SAC,SF,11,1.3,0.4,0.1,0.1,0.2,0.6
Jules Bernard,541,415011,407,24,WAS,SG,19,1.4,0.8,0.2,0.1,0.4,3.9
Jontay Porter,542,411794,375,24,TOR,PF,26,3.2,2.3,0.8,0.8,0.8,4.4
Jaylen Nowell,543,398160,292,24,DET,SG,4,2.5,0.8,0.3,0.5,0.5,7.5
David Duke,544,395708,283,24,SAS,SG,4,2.5,1.3,0.5,0.0,0.8,6.5
Drew Peterson,544,395708,416,24,BOS,PF,3,0.3,0.3,0.7,0.0,0.3,3.7
Nathan Mensah,544,395708,534,25,CHO,C,25,2.6,0.4,0.2,0.6,0.6,1.3
Henri Drell,547,389274,460,23,CHI,SF,4,1.0,1.0,0.5,0.3,0.5,2.8
Alex Fudge,548,376405,469,20,DAL,SF,2,1.5,0.0,1.5,0.0,0.5,5.5
Vit Krejci,549,369971,297,23,ATL,PG,22,2.4,2.3,0.6,0.3,0.9,6.1
Brandon Williams,550,350668,448,24,DAL,PG,17,0.8,1.0,0.1,0.1,0.4,3.2
Trey Jemison,551,341017,267,24,MEM,C,23,5.8,1.2,0.5,1.2,1.4,7.4
Jason Preston,552,315280,514,24,UTA,PG,7,2.4,2.3,0.3,0.1,0.3,1.7
Tosan Evbuomwan,554,295977,301,22,DET,SF,13,3.5,0.8,0.5,0.3,0.6,7.0
Scottie Pippen Jr,555,289542,124,23,MEM,PG,21,3.2,4.7,1.7,0.5,2.7,12.9
Ashton Hagans,557,270841,389,24,POR,PG,19,2.4,2.8,0.6,0.5,1.6,4.2
Jeff Dowtin,558,269237,379,26,PHI,PG,12,1.7,2.3,0.6,0.1,0.4,4.3
Javonte Green,560,261293,135,30,CHI,SF,9,7.4,0.6,1.1,0.9,0.8,12.2
Justin Champagnie,561,254412,302,22,WAS,SF,15,3.5,1.3,0.7,0.6,0.7,5.9
Pete Nance,563,244503,561,23,CLE,PF,8,0.4,0.0,0.1,0.0,0.1,0.4
Lindell Wigginton,564,244502,505,25,MIL,PG,3,0.0,0.0,0.0,0.0,0.3,2.0
Armoni Brooks,565,241285,386,25,BRK,PG,10,1.8,0.5,0.1,0.1,0.3,4.2
D'Moi Hodge,565,241285,501,25,LAL,SG,7,0.0,0.7,0.1,0.1,0.1,2.0
Jahmi'us Ramsey,567,232150,275,22,TOR,SG,7,3.1,1.1,1.0,0.0,1.0,6.7
Alondes Williams,569,212331,557,24,MIA,SG,7,0.1,0.0,0.0,0.1,0.3,0.7
Dexter Dennis,569,212331,316,24,DAL,SG,4,2.3,1.0,0.0,0.3,0.8,5.5
Mason Jones,569,212331,529,25,SAC,SG,5,1.0,1.0,0.2,0.0,0.4,1.4
DeJon Jarreau,572,207100,354,26,MEM,SG,9,4.9,2.9,0.7,0.2,1.0,4.8
Zavier Simpson,572,207100,300,26,MEM,PG,7,2.9,3.6,1.0,0.4,1.4,6.0
Adam Flagler,574,205897,524,24,OKC,SG,2,0.0,2.0,0.0,0.0,0.0,1.5
DJ Carton,574,205897,459,23,TOR,SG,4,1.0,0.8,0.3,0.0,0.3,2.8
Danny Green,576,202074,568,36,PHI,SG,2,1.0,0.5,0.5,0.0,0.0,0.0
Mouhamadou Gueye,577,199463,477,25,TOR,PF,11,2.1,0.5,0.3,1.6,1.1,2.4
Jamaree Bouyea,581,170801,481,24,SAS,PG,3,3.0,1.0,0.3,0.0,0.3,3.7
Pat Spencer,582,170508,556,27,GSW,PG,6,0.7,0.8,0.0,0.0,0.2,0.7
Buddy Boeheim,583,167291,429,24,DET,SF,10,1.0,0.3,0.0,0.1,0.0,3.4
Andrew Funk,586,160857,566,24,CHI,SG,5,0.0,0.0,0.2,0.2,0.0,0.0
Ron Harper Jr,588,147988,569,23,TOR,PF,1,0.0,1.0,0.0,0.0,0.0,0.0
Justin Jackson,590,145301,570,28,MIN,SF,2,0.0,0.0,0.0,0.0,0.0,0.0
Shaquille Harrison,590,145301,552,30,MEM,SG,3,0.7,0.0,0.0,0.3,0.0,0.7
RaiQuan Gray,592,141554,236,24,SAS,PF,3,2.3,2.0,0.3,0.3,0.3,7.7
Quenton Jackson,594,135120,553,25,IND,PG,3,1.3,0.7,0.3,0.0,0.0,0.7
DJ Wilson,595,134863,348,27,PHI,PF,2,1.0,1.0,0.0,1.0,0.0,5.0
Hamidou Diallo,595,134863,545,25,WAS,SG,2,1.0,0.5,1.0,0.0,0.5,1.0
Matthew Hurt,597,128686,401,23,MEM,PF,8,2.0,0.5,0.4,0.4,0.3,4.0
Wenyen Gabriel,599,124425,431,26,MEM,PF,5,5.0,0.6,0.4,0.4,1.6,3.4
Kobi Simmons,600,120250,347,26,TOR,PG,4,1.8,3.0,1.5,0.5,0.3,5.0
Malik Williams,604,77212,465,25,TOR,C,7,5.4,0.3,0.4,0.6,0.4,2.7
Taze Moore,606,70687,365,25,POR,SG,4,2.0,1.3,0.5,0.0,0.8,4.5
Izaiah Brockington,607,64343,396,24,NOP,PG,1,2.0,0.0,0.0,0.0,0.0,4.0
Jalen Crutcher,607,64343,565,24,NOP,PG,1,0.0,0.0,0.0,0.0,0.0,0.0
Timmy Allen,607,64343,466,24,MEM,SF,5,3.4,1.0,0.8,0.0,0.4,2.6
Kaiser Gates,612,35389,567,27,NOP,SF,1,1.0,0.0,0.0,0.0,0.0,0.0
